firstName,lastName,emailAddress,customerNumber
Adrianna,Raysor ,adrianna.raysor@gmail.com,400021
Amberly,Kerfie,a.kerfie@yahoo.com,400064
Angelique,Kee  ,a.kee@gmail.com,400042
Arleen ,Bergman,arleen.bergman@yahoo.com,400059
Arlinda ,Mcbrayer,amcbrayer@gmail.com,400006
Astrid,Brewster ,a.brewster@verizon.com,400014
Ayanna,Filippelli,ayanna@fillippelli.com,400027
Bambi,anks  ,b.anks@bambianks.com,400090
Bell,Sue,bell.sue@gmail.com,400009
Bernice,Degrof,b.degrof@yahoo.com,400096
Brendon,Wolski,brendon_wolski@yahoo.com,400054
Bridgett, Burlew ,b.burlew@gmail.com,400002
Britta ,Cassese,britta@brittacassese.com,400060
Broderick,Mcdougle,b_mcdougle@gmail.com,400007
Bryce,Worm  ,bryce.w@gmail.com,400022
Cameron ,Amezquita,c.amezquita@gmail.com,400013
Carletta,Marquess,carletta.m@gmail.com,400049
Carlota,Reisin,reisin.carlota@gmail.com,400072
Caroline,Roda  ,roda@roda.com,400035
Cecelia,Hartun,c.hartun@yahoo.com,400077
Celeste,Wilcox,celeste.wilcox@gmail.com,400056
Chrissy,Gilkes,c.gilkes@gmail.com,400094
Cleotilde,Ment,cleo@cleotilde.com,400069
Cortney,Arana ,c.arana@gmail.com,400076
Curt,Kingsbury  ,curt@curtkingsbury.com,400037
Dale,Washburn ,dale.w@yahoo.com,400095
Daniel ,Garst  ,daniel.garst@yahoo.com,400100
Danika,Lasiter  ,danika.lasiter@yahoo.com,400036
Dante,Canavan  ,dante.canavan@yahoo.com,400023
Darlene ,Worman  ,darleneworman3@gmail.com,400015
Darrell ,Tunstall,darrell.tunstall@gmail.com,400019
Darren,Ezell  ,darren_ezell@gmail.com,400031
Deandre ,Hageman ,deandre_hageman@verizon.com,400011
Eduardo ,Bunting ,eduardo.b@gmail.com,400050
Edyth,Frutos  ,edyth_frutos@gmail.com,400024
Elfreda,Hardaw,elfreda.hardaw@gmail.com,400078
Elvin,Baugher ,elvin.b@yahoo.com,400098
Faye,Mathew  ,f.matthew@gmail.com,400062
Fleta,Dymond  ,f.dymond@yahoo.com,400012
Flo,Suitt  ,flo.suitt@gmail.com,400093
Franklin,Leavy,franklin.l@yahoo.com,400079
Germaine,Matne,germaine.matne@gmail.com,400061
Golda,Seto  ,golda.seto@gmail.com,400066
Grace,Dillow  ,grace.dillow@gmail.com,400058
Griselda,Rafte,griselda.rafte@rafte.com,400082
Gwendolyn,Fray  ,fray@gwendolynfray.com,400041
Gwenn,Hedstrom,gwenn@hedstrom.us,400097
Hayley,Mullett  ,hayley.mullett@gmail.com,400043
Heide,Buster  ,h.buster@gmail.com,400074
Helaine,Hollin,h.hollin@yahoo.com,400068
Helaine ,Michalik,h.michalik@gmail.com,400005
Henry,Mcknight  ,henry.mcknight@gmail.com,400018
Hershel ,Struthers,h_struthers@gmail.com,400028
Hoa,Parrish  ,hoa.parrish@me.com,400026
Irina,Tolentin,irina@tolentin.com,400081
Jaimee ,Gutman ,jaimee.gutman@gutman.us,400070
Jeanne,Harshbarger,j.harshbarger@gmail.com,400025
Kathrine,Prim  ,kathrine@prim.com,400030
Keiko,Maffucci  ,k.maffucci@gmail.com,400044
Keven,Carneal ,k.carneal@gmail.com,400089
Krystina,Stump,stump@krystinastump.com,400057
Kyla,Endsley  ,kyla.e@gmail.com,400091
Lashunda,Golay,golay@golay.com,400073
Lauran,Mcintosh ,l.mcintosh@yahoo.com,400008
Lavada,Schlatter,l.schlatter@gmail.com,400010
Lillian ,Milbrandt,l.milbrandt@gmail.com,400004
Lucio,Wickline,lucio.wickline@gmail.com,400085
Lyndsey,Yoo  ,l.yoo@gmail.com,400092
Mack,Polly  ,mack.polly@mackpolly.com,400080
Madelyn ,Suttles ,madelyn.suttles@yahoo.com,400003
Magaret,Leitch,magaret.leitch@gmail.com,400088
Marcellus,Mackley,m.mackley@me.com,400016
Marquette,Damo,m.damo@gmail.com,400053
Melita,Mauch  ,melita.mauch@mauch.com,400048
Merlin ,Marcin ,m.marcin@gmail.com,400052
Michaela,Groce  ,m.groce@yahoo.com,400045
Nan,Schiffer  ,nan.schiffer@gmail.com,400032
Oralia ,Lockhar,oralia.lockhar@gmail.com,400087
Paige,Philpot ,p.philpot@gmail.com,400063
Pamella ,Lawing  ,pamella.lawing@yahoo.com,400029
Penelope,Briss,penelope.briss@gmail.com,400099
Ramiro,Mogensen ,ramiro.morgensen@yahoo.com,400039
Raquel,Squires  ,raquel@raquelsquires.com,400040
Shanae,Meurer  ,shane.meurer@gmail.com,400046
Shannan ,Monty  ,shannan@me.com,400020
Sonny,Sjogren ,sonny.sjogren@gmail.com,400055
Suk,Teeple  ,suk.teeple@gmail.com,400071
Tameika ,Schweizer,tameika.schweizer@yahoo.com,400033
Tamra,Radke  ,tamra.radke@gmail.com,400038
Theresa,Covarr,theresa.c@yahoo.com,400084
Treena,Abramson ,treena@treena.com,400017
Tresa,Coppage  ,tresa@tresacoppage.com,400047
Vasiliki,Astin,astin.v@yahoo.com,400083
Vena,Schoemake,vena@gmail.com,400065
Virgil,Kiser  ,virgil.k@kiser.com,400034
Warner ,Theobal,warner.theobal@gmail.com,400086
Wiley,Faught  ,wiley.faught@gmail.com,400067
Zachariah,Cahi,z.cahi@gmail.com,400075
Zona,Tovey,z.tovey@yahoo.com,400051
